https://youtube.com/watch?v=hI_1c9K0VWM;522741254434455554
https://youtube.com/watch?v=lbHQmwD0wiA;522741254434455554
https://youtube.com/watch?v=VTPwBw4cEf8;522741254434455554
https://youtube.com/watch?v=tM-YJSq3phY;522741254434455554
https://www.youtube.com/watch?v=cOLg7Y1vLio;522741254434455554
https://youtube.com/watch?v=vJY3yMKgFJg;522741254434455554
https://www.youtube.com/watch?v=rpR2SLm8Q6k;543125309197778947
https://youtube.com/watch?v=Z6ji6kls_OA;522741254434455554
https://www.youtube.com/watch?v=1qksd1FYZe8;721240463117385830
https://www.youtube.com/watch?v=-N4jf6rtyuw;522741254434455554
https://www.youtube.com/watch?v=vdcddjV0l5o;522741254434455554
https://youtu.be/_ZyD4n5zqxA;432331217371660290
https://youtube.com/watch?v=sMk398x1AZI;522741254434455554
https://youtube.com/watch?v=fLfAIXZpRXs;522741254434455554
https://youtube.com/watch?v=jwe81tnfCI8;522741254434455554
https://youtube.com/watch?v=rfsPt-nmfzo;522741254434455554
https://youtube.com/watch?v=2VbLure1838;522741254434455554
https://youtube.com/watch?v=yyL1h20g8Vs;522741254434455554
https://youtube.com/watch?v=18lM4SAOUVc;522741254434455554
https://youtube.com/watch?v=6G0NFv3738s;522741254434455554
https://www.youtube.com/watch?v=wuJIqmha2Hk;543125309197778947
https://youtube.com/watch?v=_f2SkMwJmZI;522741254434455554
https://youtube.com/watch?v=Z0FQB5p1kzE;522741254434455554
https://youtube.com/watch?v=oqRqSOd7teY;522741254434455554
https://youtube.com/watch?v=QcC28KjRg3w;522741254434455554
https://youtube.com/watch?v=PhnO-kMi5Ak;522741254434455554
https://youtube.com/watch?v=P-eNMO8L5Hs;522741254434455554
https://www.youtube.com/watch?v=aT5JaB5agSE;522741254434455554
https://youtube.com/watch?v=Vi-1402wYtI;522741254434455554
https://youtube.com/watch?v=ked9t2AlGTA;522741254434455554
https://youtube.com/watch?v=Pu1CQkrlOsA;522741254434455554
https://www.youtube.com/watch?v=kK81m-A3qpU;522741254434455554
https://www.youtube.com/watch?v=K1b8AhIsSYQ;522741254434455554
https://youtube.com/watch?v=6WNk9yMNovs;522741254434455554
https://youtube.com/watch?v=GF3BJxY-Opw;522741254434455554
https://youtube.com/watch?v=SKd15MlRwD8;522741254434455554
https://youtube.com/watch?v=9N3y_HZEJsk;522741254434455554
https://youtube.com/watch?v=rhmHcnDvx2U;522741254434455554
https://www.youtube.com/watch?v=rY0WxgSXdEE;543125309197778947
https://www.youtube.com/watch?v=nInLN4p1tYQ;792437984653213727
https://youtube.com/watch?v=5knbOp-LF3M;522741254434455554
https://youtube.com/watch?v=1d8vUwMDOU0;522741254434455554
https://www.youtube.com/watch?v=_epVgBDPBOg;792437984653213727
https://youtube.com/watch?v=nGEiFJISQIc;522741254434455554
https://youtube.com/watch?v=IG_o-hjhT3o;522741254434455554
https://youtube.com/watch?v=N-bdKXQcGiM;522741254434455554
https://www.youtube.com/watch?v=76fGo5I-rXM;522741254434455554
https://youtube.com/watch?v=5j45cwHSkvU;522741254434455554
https://youtube.com/watch?v=5yi_NxPv9OQ;522741254434455554
https://youtube.com/watch?v=Q7_auEQgmTs;522741254434455554
https://www.youtube.com/watch?v=hwZNL7QVJjE;522741254434455554
https://youtube.com/watch?v=hzxEpzg4xWI;522741254434455554
https://www.youtube.com/watch?v=fKq8u0q4rvQ;522741254434455554
https://youtube.com/watch?v=Y1K-ZD2bB8M;522741254434455554
https://youtube.com/watch?v=R2OvE1oX_fs;522741254434455554
https://youtube.com/watch?v=rh-xfHTJp6M;522741254434455554
https://youtube.com/watch?v=OOgKKKbSnAw;522741254434455554
https://www.youtube.com/watch?v=q-9kPks0IfE;522741254434455554
https://youtube.com/watch?v=Ixi0sUpLVRc;522741254434455554
https://youtube.com/watch?v=ZeSISQ9v4uc;522741254434455554
https://www.youtube.com/watch?v=Ww8oxgqDQSs;522741254434455554
https://youtube.com/watch?v=uLFtmJlzKvE;522741254434455554
https://youtube.com/watch?v=YxtR4r-77C0;522741254434455554
https://youtube.com/watch?v=BaORtA-2ZVQ;522741254434455554
https://www.youtube.com/watch?v=vvvvcpwFw5o;522741254434455554
https://youtube.com/watch?v=CmW8jQTI5N0;522741254434455554
https://www.youtube.com/watch?v=sEQf5lcnj_o;522741254434455554
https://youtube.com/watch?v=phuNfFdLqHA;522741254434455554
https://youtube.com/watch?v=wT_kNwHjHOc;522741254434455554
https://youtube.com/watch?v=GsLsBs4oW30;522741254434455554
https://youtube.com/watch?v=4nlrlmh51Ro;522741254434455554
https://youtube.com/watch?v=6Tuh6ejKSek;522741254434455554
https://youtube.com/watch?v=4TfSDy3Or54;522741254434455554
https://www.youtube.com/watch?v=eFTLKWw542g;522741254434455554
https://youtube.com/watch?v=OnRiAFe_EuE;522741254434455554
https://youtube.com/watch?v=e-yS6rv9LHE;522741254434455554
https://www.youtube.com/watch?v=Ic5vxw3eijY;522741254434455554
https://www.youtube.com/watch?v=gj0Rz-uP4Mk;522741254434455554
https://youtube.com/watch?v=i1L_CNL6h78;522741254434455554
https://youtube.com/watch?v=wvFmOIkuOfg;522741254434455554
https://youtube.com/watch?v=2zC5yrkLHW0;522741254434455554
https://youtube.com/watch?v=ismggUCBQXg;522741254434455554
https://youtube.com/watch?v=ecuf4og2bHU;522741254434455554
https://youtube.com/watch?v=txgg-fbVjf4;522741254434455554
https://youtube.com/watch?v=Yv9tBhcQ8sM;522741254434455554
https://youtube.com/watch?v=q0ASGEzNzew;522741254434455554
https://www.youtube.com/watch?v=CEw-7cMnBDY;792437984653213727
https://youtube.com/watch?v=_8u_r7xIKz8;522741254434455554
https://www.youtube.com/watch?v=QxWKRrsDank;522741254434455554
https://www.youtube.com/watch?v=hT_nvWreIhg;792437984653213727
https://www.youtube.com/watch?v=K5KAc5CoCuk;522741254434455554
https://youtube.com/watch?v=BEz2ezgYFiU;522741254434455554
https://youtube.com/watch?v=pnz2UXom7Pw;522741254434455554
https://youtube.com/watch?v=0ueRTPYtGGM;522741254434455554
https://www.youtube.com/watch?v=0mYBSayCsH0;522741254434455554
https://youtube.com/watch?v=Y2TQYJb61hY;522741254434455554
https://www.youtube.com/watch?v=--5mDlhaD8c;522741254434455554
https://youtube.com/watch?v=bFwSTQToAqM;522741254434455554
https://youtube.com/watch?v=1Uje2II4pfA;522741254434455554
https://youtube.com/watch?v=edcZaqRceKc;522741254434455554
https://youtube.com/watch?v=vzEgPbd0hfo;522741254434455554
https://youtube.com/watch?v=--J7rrgiOM8;522741254434455554
https://youtube.com/watch?v=2u4HTNLqe1A;522741254434455554
https://youtube.com/watch?v=oLjhh4R-7MI;522741254434455554
https://www.youtube.com/watch?v=Hi7Rx3En7-k;522741254434455554
https://youtube.com/watch?v=zktilxFqq9s;522741254434455554
https://www.youtube.com/watch?v=BrGHjuoiNus;522741254434455554
https://youtube.com/watch?v=fZkze8cKHgI;522741254434455554
https://youtube.com/watch?v=-xjkgEXtIJ0;522741254434455554
https://www.youtube.com/watch?v=9MwGJWQ9nig;522741254434455554
https://youtube.com/watch?v=dUKgxdqsAK0;522741254434455554
https://www.youtube.com/watch?v=1w7OgIMMRc4;522741254434455554
https://youtube.com/watch?v=vni-HhZsxk0;522741254434455554
https://www.youtube.com/watch?v=4lgqhMd3x8I;522741254434455554
https://youtube.com/watch?v=CPea9MQiXFo;522741254434455554
https://www.youtube.com/watch?v=Hy8kmNEo1i8;522741254434455554
https://youtube.com/watch?v=2pan90xwDFs;522741254434455554
https://youtube.com/watch?v=nIrYjzHAEp0;522741254434455554
https://youtube.com/watch?v=OaXiTwgkDAw;522741254434455554
https://youtube.com/watch?v=dj4VoPO-2pE;522741254434455554
https://youtube.com/watch?v=-WSXNz-MBZw;522741254434455554
https://www.youtube.com/watch?v=Fpu5a0Bl8eY;543125309197778947
https://youtube.com/watch?v=qpHvj5pvvhg;522741254434455554
https://youtube.com/watch?v=ZFCjEazt7S8;522741254434455554
https://youtube.com/watch?v=c1UN0unVLQs;522741254434455554
https://youtube.com/watch?v=iR4ac9IFw_8;522741254434455554
https://www.youtube.com/watch?v=pIgZ7gMze7A;522741254434455554
https://youtube.com/watch?v=GZnCrIilDMo;522741254434455554
https://www.youtube.com/watch?v=8UVNT4wvIGY;522741254434455554
https://youtube.com/watch?v=FUH9S44D1BM;522741254434455554
https://youtube.com/watch?v=Zv_mbG2IedY;522741254434455554
https://youtube.com/watch?v=jXvuRaWMynM;522741254434455554
https://youtube.com/watch?v=ApuHTSifcew;522741254434455554
https://youtube.com/watch?v=6nF__mm0P4Q;522741254434455554
https://youtube.com/watch?v=l265CJ7e9r4;522741254434455554
https://youtube.com/watch?v=l1HR5eX_tFU;522741254434455554
https://www.youtube.com/watch?v=pAgnJDJN4VA;543125309197778947
https://youtube.com/watch?v=5OeUjnvquuY;522741254434455554
https://youtube.com/watch?v=5HQJvhb19Tg;522741254434455554
https://youtube.com/watch?v=iOQawGuWnIQ;522741254434455554
https://www.youtube.com/watch?v=Cx3QmqV2pHg;522741254434455554
https://youtube.com/watch?v=UTZJ2i08Kko;522741254434455554
https://youtube.com/watch?v=r6oDeKpub0s;522741254434455554
https://www.youtube.com/watch?v=HEkerSi5Fig;522741254434455554
https://www.youtube.com/watch?v=HQnC1UHBvWA;522741254434455554
https://youtube.com/watch?v=wf-9CEGbr6k;522741254434455554
https://youtube.com/watch?v=-S9cLAUZWZc;522741254434455554
https://youtube.com/watch?v=ouLndhBRL4w;522741254434455554
https://youtube.com/watch?v=NhH7otBQhas;522741254434455554
https://youtube.com/watch?v=cY72tzjbc_Q;522741254434455554
https://youtube.com/watch?v=r1XE8ON8fos;522741254434455554
https://www.youtube.com/watch?v=vk0iPWFxQ9w;522741254434455554
https://youtube.com/watch?v=DxWjE4doQjg;522741254434455554
https://www.youtube.com/watch?v=qQkBeOisNM0;522741254434455554
https://youtube.com/watch?v=nK9bAjHew0k;522741254434455554
https://youtube.com/watch?v=bh7S7K2MI0s;522741254434455554
https://youtube.com/watch?v=dnNhqFhoJqM;522741254434455554
https://youtube.com/watch?v=LCtLyJKEPbk;522741254434455554
https://youtube.com/watch?v=Zqp0VGVW0ms;522741254434455554
https://www.youtube.com/watch?v=9jK-NcRmVcw;543125309197778947
https://www.youtube.com/watch?v=ZXIF2GX61Fo;721240463117385830
https://youtube.com/watch?v=IqEwnqBVy50;522741254434455554
https://youtube.com/watch?v=1un0M3G5iGc;522741254434455554
https://youtube.com/watch?v=BEVLMjQFUO4;522741254434455554
https://youtube.com/watch?v=uZ7ePvjhm54;522741254434455554
https://youtube.com/watch?v=4Q9DWZLaY2U;522741254434455554
https://www.youtube.com/watch?v=JRfuAukYTKg;792437984653213727
https://www.youtube.com/watch?v=_VONMkKkdf4;522741254434455554
https://youtube.com/watch?v=kImRxNFcjNs;522741254434455554
https://youtube.com/watch?v=271IVA-TpVw;522741254434455554
https://youtube.com/watch?v=fGqdD-Muh7U;522741254434455554
https://youtube.com/watch?v=l0riVlJGnNM;522741254434455554
https://youtube.com/watch?v=j1XUU6gzHgg;522741254434455554
https://youtube.com/watch?v=60KpE8iTBA8;522741254434455554
https://youtube.com/watch?v=pN2UmX3Kmrs;522741254434455554
https://youtube.com/watch?v=7aMOurgDB-o;522741254434455554
https://youtube.com/watch?v=6rzU-_CU8Jc;522741254434455554
https://youtube.com/watch?v=_yaYPpcW_Ww;522741254434455554
https://youtube.com/watch?v=SMgnMawBhRA;522741254434455554
https://youtube.com/watch?v=X0Njn4USIfs;522741254434455554
https://youtube.com/watch?v=emCi5qFA41o;522741254434455554
https://youtube.com/watch?v=IpJm83lynUM;522741254434455554
https://youtube.com/watch?v=EfZD6-iFvhY;522741254434455554
https://youtube.com/watch?v=hNADP13dPI4;522741254434455554
https://youtube.com/watch?v=68Xk8X8emEE;522741254434455554
https://youtube.com/watch?v=LVVuC2_16Ig;522741254434455554
https://youtube.com/watch?v=TLlPNRS-6wM;522741254434455554
https://youtube.com/watch?v=y4SZD2MLNN0;522741254434455554
https://youtube.com/watch?v=DgQk_Lq6ec8;522741254434455554
https://youtube.com/watch?v=ahDLQbhgW5Y;522741254434455554
https://youtube.com/watch?v=_cO-T--QKmY;522741254434455554
https://youtube.com/watch?v=QJie7dTvbjQ;522741254434455554
https://youtube.com/watch?v=rjTCkZf10lc;522741254434455554
https://www.youtube.com/watch?v=Td7uUVlB9bQ;522741254434455554
https://youtube.com/watch?v=kocjpo6zKak;522741254434455554
https://youtube.com/watch?v=UDyoQBYRIDE;522741254434455554
https://youtube.com/watch?v=6_6lgVGwaWo;522741254434455554
https://youtube.com/watch?v=F6dUs3sSWYU;522741254434455554
https://youtube.com/watch?v=KSh9KvV39xM;522741254434455554
https://youtube.com/watch?v=tUl0LXHuCdw;522741254434455554
https://www.youtube.com/watch?v=OdYGnAFaeHU;543125309197778947
https://youtube.com/watch?v=PyiDIl_Sm6s;522741254434455554
https://youtube.com/watch?v=c_2gHmpZmzU;522741254434455554
https://youtube.com/watch?v=wOg0TY1jG3w;522741254434455554
https://youtube.com/watch?v=8pJlupB_4Bw;522741254434455554
https://youtube.com/watch?v=ebZiZD6Ftbw;522741254434455554
https://www.youtube.com/watch?v=BPUzsg5UsjM;522741254434455554
https://www.youtube.com/watch?v=d-diB65scQU;543125309197778947
https://www.youtube.com/watch?v=VO8VbNJ2Gew;522741254434455554
https://youtube.com/watch?v=02hAa0-WAHs;522741254434455554
https://youtube.com/watch?v=Du3tQ2SXezA;522741254434455554
https://www.youtube.com/watch?v=pLJ85XExZtQ;543125309197778947
https://www.youtube.com/watch?v=iJdA4EBw_00;522741254434455554
https://youtube.com/watch?v=k7EJApTI8cs;522741254434455554
https://youtube.com/watch?v=nK0VnHQ2kRI;522741254434455554
https://youtube.com/watch?v=rjfDbj1yWJ0;522741254434455554
https://youtube.com/watch?v=WkPy2cFTb0g;522741254434455554
https://youtube.com/watch?v=A14BidLrKBQ;522741254434455554
https://youtube.com/watch?v=vR-kX2Lgx3M;522741254434455554
https://youtube.com/watch?v=C0-QC-3eL-k;522741254434455554
https://youtube.com/watch?v=HtpmMKZ4ACU;522741254434455554
https://youtube.com/watch?v=kgX1gL-uY_8;522741254434455554
https://youtube.com/watch?v=IPucrxOr6I0;522741254434455554
https://youtube.com/watch?v=uHYcKsN4-SE;522741254434455554
https://youtube.com/watch?v=JRQbVNzmCK0;522741254434455554
https://youtube.com/watch?v=OskXF3s0UT8;522741254434455554
https://youtube.com/watch?v=rVPoIlCpllU;522741254434455554
https://youtube.com/watch?v=u99eyPUJmLM;522741254434455554
https://youtube.com/watch?v=XUSNMLqDBKs;522741254434455554
https://youtube.com/watch?v=9_mxwsQD4as;522741254434455554
https://youtube.com/watch?v=_xxWKheOdTY;522741254434455554
https://youtube.com/watch?v=fRThePlM-jA;522741254434455554
https://youtube.com/watch?v=zdst0ipxDYk;522741254434455554
https://youtube.com/watch?v=9M1Sq59hWIs;522741254434455554
https://youtube.com/watch?v=dBIvPqEZhXo;522741254434455554
https://youtube.com/watch?v=1W_g8HDLYsE;522741254434455554
https://youtube.com/watch?v=-VKIqrvVOpo;522741254434455554
https://youtube.com/watch?v=cP0PdJh3BGw;522741254434455554
https://youtube.com/watch?v=Ws53hNcMHWg;522741254434455554
https://youtube.com/watch?v=FksFdzi8Lk8;522741254434455554
https://youtube.com/watch?v=fI-Ghl3zZ1g;522741254434455554
https://youtube.com/watch?v=CMfm4ahB4gw;522741254434455554
https://youtube.com/watch?v=MpYy6wwqxoo;522741254434455554
https://youtube.com/watch?v=SuyqRDaR684;522741254434455554
https://youtube.com/watch?v=qh-JCAaTapM;522741254434455554
https://www.youtube.com/watch?v=DjydOI4MEIw;522741254434455554
https://youtube.com/watch?v=ecelo2QBA8M;522741254434455554
https://www.youtube.com/watch?v=Oc9NgPgUO3E;522741254434455554
https://youtube.com/watch?v=V0o3F5FOsTg;522741254434455554
https://www.youtube.com/watch?v=v_B3qkp4nO4;543125309197778947
https://youtube.com/watch?v=pX50r_UPG9k;522741254434455554
https://youtube.com/watch?v=HY1rLlmrilI;522741254434455554
https://youtube.com/watch?v=45lZ2tiGqZM;522741254434455554
https://youtube.com/watch?v=CID-sYQNCew;522741254434455554
https://youtube.com/watch?v=gipDGYV9zsM;522741254434455554
https://www.youtube.com/watch?v=n89SKAymNfA;522741254434455554
https://youtube.com/watch?v=6VNbJCQQQpQ;522741254434455554
https://youtube.com/watch?v=oy6MDr6I6rM;522741254434455554
https://youtube.com/watch?v=71J6Yy7vhDs;522741254434455554
https://youtube.com/watch?v=mP0Ej28JeCs;522741254434455554
https://youtube.com/watch?v=Os6VNZ7QVbs;522741254434455554
https://youtube.com/watch?v=-5V6Cu6GUeA;522741254434455554
https://youtube.com/watch?v=2lTrn2MTeCw;522741254434455554
https://youtube.com/watch?v=YXR42s56KuA;522741254434455554
https://youtube.com/watch?v=iFX8TILB-Zs;522741254434455554
https://youtube.com/watch?v=58VyD_I5tcA;522741254434455554
https://youtube.com/watch?v=gu5qGkh9KUA;522741254434455554
https://youtube.com/watch?v=U7L-3VXAkSA;522741254434455554
https://youtube.com/watch?v=6AQ0GoYxlYQ;522741254434455554
https://youtube.com/watch?v=srr1NzbuYkY;522741254434455554
https://youtube.com/watch?v=TceXpTTdTHw;522741254434455554
https://youtube.com/watch?v=TLC07KM8ZNw;522741254434455554
https://youtube.com/watch?v=VgAATnEQ-hU;522741254434455554
https://youtube.com/watch?v=Dt7SkZbChTo;522741254434455554
https://youtube.com/watch?v=zj-3skQJUAo;522741254434455554
https://youtube.com/watch?v=sB99lkShHRk;522741254434455554
https://www.youtube.com/watch?v=HG_ZC9N_4NM;522741254434455554
https://youtube.com/watch?v=u3E3LZXuyRo;522741254434455554
https://youtube.com/watch?v=uPWqEy-d8mY;522741254434455554
https://youtube.com/watch?v=iVSsHlA6Ggc;522741254434455554
https://youtube.com/watch?v=ijG-D_MGfBE;522741254434455554
https://youtube.com/watch?v=8zGx8Srtbrc;522741254434455554
https://youtube.com/watch?v=XKTdEj4TxM0;522741254434455554
https://youtube.com/watch?v=ZH-Q4LNzM1M;522741254434455554
https://youtube.com/watch?v=n89SKAymNfA;522741254434455554
https://youtube.com/watch?v=WidhARGNBmw;522741254434455554
https://youtube.com/watch?v=lZxqrOZAueA;522741254434455554
https://youtube.com/watch?v=QXjqUJswfpw;522741254434455554
https://youtube.com/watch?v=WEhPBPqi2xY;522741254434455554
https://youtube.com/watch?v=onTp2BwxJic;522741254434455554
https://youtube.com/watch?v=Yc08jlTozGI;522741254434455554
https://youtube.com/watch?v=_T1aVcE_MBg;522741254434455554
https://www.youtube.com/watch?v=UWCwnnO0SuI;522741254434455554
https://youtube.com/watch?v=_k_SY7ARnUA;522741254434455554
https://youtube.com/watch?v=WuRaVw23pmA;522741254434455554
https://youtube.com/watch?v=VcQIpQB4Fiw;522741254434455554
https://youtube.com/watch?v=-0zm4E1bbBY;522741254434455554
https://youtube.com/watch?v=7Ewk3Oxyhgk;522741254434455554
https://youtube.com/watch?v=1cGQotpn8r4;522741254434455554
https://youtube.com/watch?v=Ti__MGSXkVk;522741254434455554
https://youtube.com/watch?v=yx0PEdDCle4;522741254434455554
https://www.youtube.com/watch?v=2s4slliAtQU;543125309197778947
https://youtube.com/watch?v=VPBxxGx4nts;522741254434455554
https://youtube.com/watch?v=oyKKbBT-gH0;522741254434455554
https://youtube.com/watch?v=0hkwU7T6zWs;522741254434455554
https://www.youtube.com/watch?v=EDb303T-B1w;522741254434455554
https://youtube.com/watch?v=HpSW4P2ddMI;522741254434455554
https://youtube.com/watch?v=D1Cx8Zr3tfg;522741254434455554
https://youtube.com/watch?v=EqiPN0t54Uo;522741254434455554
https://www.youtube.com/watch?v=gTciUaOm3h4;522741254434455554
https://youtube.com/watch?v=Jox1h8qB1yQ;522741254434455554
https://youtube.com/watch?v=Ag75H1EtVKU;522741254434455554
https://youtube.com/watch?v=8PTm5qzNd4s;522741254434455554
https://www.youtube.com/watch?v=nO6YL09T8Fw;522741254434455554
https://youtube.com/watch?v=2yYr_nqxgIQ;522741254434455554
https://youtube.com/watch?v=dVVkVo7ZB20;522741254434455554
https://youtube.com/watch?v=Iife8qwn1f8;522741254434455554
https://youtube.com/watch?v=uTFEYpunguU;522741254434455554
https://youtube.com/watch?v=IYrHEYLEYyA;522741254434455554
https://youtube.com/watch?v=7CG2qA_IbAs;522741254434455554
https://youtube.com/watch?v=HE7BZ_ONCq4;522741254434455554
https://www.youtube.com/watch?v=Jwgf3wmiA04;792437984653213727
https://youtube.com/watch?v=z_suYM_SAW0;522741254434455554
https://youtube.com/watch?v=CCcPCVg5xSk;522741254434455554
https://www.youtube.com/watch?v=9M1Sq59hWIs;522741254434455554
https://youtube.com/watch?v=9KlzNB9Y5jo;522741254434455554
https://www.youtube.com/watch?v=cw_ZDGd3wr4;522741254434455554
https://youtube.com/watch?v=OoNV37ble0A;522741254434455554
https://youtube.com/watch?v=CTsTedMhvJQ;522741254434455554
https://youtube.com/watch?v=3vX72ybKnGk;522741254434455554
https://youtube.com/watch?v=3S5Yu9HpE3I;522741254434455554
https://youtube.com/watch?v=FLlenOmOWxI;522741254434455554
https://youtube.com/watch?v=Shyn5yg3qDg;522741254434455554
https://www.youtube.com/watch?v=KRaWnd3LJfs;721240463117385830
https://youtube.com/watch?v=HHN4xzKLexk;522741254434455554
https://youtube.com/watch?v=30_hyjoXBxI;522741254434455554
https://youtube.com/watch?v=X6iGMdLfSp8;522741254434455554
https://www.youtube.com/watch?v=WAoPeG1LU1g;522741254434455554
https://youtube.com/watch?v=kJZb4rNIW7A;522741254434455554
https://youtube.com/watch?v=uy32xz1cr8Y;522741254434455554
https://youtube.com/watch?v=BTZPC1zgk9A;522741254434455554
https://youtube.com/watch?v=SD0LHSjpBNQ;522741254434455554
https://youtube.com/watch?v=JxFUY7Ka8e0;522741254434455554
https://youtube.com/watch?v=akzJOAwCsC4;522741254434455554
https://www.youtube.com/watch?v=FUH9S44D1BM;522741254434455554
https://youtube.com/watch?v=olWvy0PiLfA;522741254434455554
https://youtube.com/watch?v=8NbGzjr1XVw;522741254434455554
https://youtube.com/watch?v=AoZWOIBWavo;522741254434455554
https://youtube.com/watch?v=PiMAAY3iOMk;522741254434455554
https://youtube.com/watch?v=hP6VM6YAMIE;522741254434455554
https://youtube.com/watch?v=vG4aY5ocnlg;522741254434455554
https://www.youtube.com/watch?v=3KpFbty0t_8;522741254434455554
https://youtube.com/watch?v=N0v0b4Rm_to;522741254434455554
https://youtube.com/watch?v=Anq4aDW2CJA;522741254434455554
https://youtube.com/watch?v=Xg9BvO31QRA;522741254434455554
https://youtube.com/watch?v=nJZIGw-1JAQ;522741254434455554
https://youtube.com/watch?v=0b5uulBrDrs;522741254434455554
https://youtube.com/watch?v=KZh7E5lbk24;522741254434455554
https://youtube.com/watch?v=h1Ebp1_f6Q0;522741254434455554
https://youtube.com/watch?v=yJ14X33Hbew;522741254434455554
https://youtube.com/watch?v=voObMbklGsg;522741254434455554
https://youtube.com/watch?v=hLR5dkfU-hE;522741254434455554
https://youtube.com/watch?v=HGhjyd8ZE78;522741254434455554
https://youtube.com/watch?v=nbSwgEWkM6w;522741254434455554
https://youtube.com/watch?v=BNdtdkObSP0;522741254434455554
https://youtube.com/watch?v=K5bm_ER9CKw;522741254434455554
https://youtube.com/watch?v=o-RlEihE6Gk;522741254434455554
https://youtube.com/watch?v=-76EpyMYk_k;522741254434455554
https://youtube.com/watch?v=udD4gkWBNYo;522741254434455554
https://www.youtube.com/watch?v=B6eLbmLGUyc;721240463117385830
https://www.youtube.com/watch?v=JaoMgaBafFg;543125309197778947
https://youtube.com/watch?v=chSykwQggAM;522741254434455554
https://youtube.com/watch?v=jdvc_LnKHrk;522741254434455554
https://www.youtube.com/watch?v=SBgQezOF8kY;543125309197778947
https://youtube.com/watch?v=AT2tulhSprE;522741254434455554
https://www.youtube.com/watch?v=co_bN5j1jI8;721240463117385830
https://youtube.com/watch?v=accaMcuY9FA;522741254434455554
https://youtube.com/watch?v=aKBkK3g25Dw;522741254434455554
https://youtube.com/watch?v=BIMjebcjzIA;522741254434455554
https://www.youtube.com/watch?v=bpEmjxobvbY;522741254434455554
https://youtube.com/watch?v=riX7EKXSoBQ;522741254434455554
https://www.youtube.com/watch?v=KUmZp8pR1uc;522741254434455554
https://youtube.com/watch?v=YzTqhqZbSmY;522741254434455554
https://youtube.com/watch?v=nwnY_QLL4Nk;522741254434455554
https://youtube.com/watch?v=ozIZsyMomzs;522741254434455554
https://www.youtube.com/watch?v=fPO76Jlnz6c;522741254434455554
https://youtube.com/watch?v=_tgvkUryfXI;522741254434455554
https://youtube.com/watch?v=Pvt4zgNmz80;522741254434455554
https://youtube.com/watch?v=gEh4tNd5bwU;522741254434455554
https://www.youtube.com/watch?v=LfephiFN76E;522741254434455554
https://youtube.com/watch?v=k0-5LyOnPiU;522741254434455554
https://www.youtube.com/watch?v=_wp-h5dfSzU;522741254434455554
https://youtube.com/watch?v=zcWAua1-J84;522741254434455554
https://youtube.com/watch?v=7hPtMXyHFQw;522741254434455554
https://youtube.com/watch?v=wi8sbvZ0CQE;522741254434455554
https://youtube.com/watch?v=Z0D1DqTq6fo;522741254434455554
https://youtube.com/watch?v=76Tw5O0bmUY;522741254434455554
https://youtube.com/watch?v=mhpRipG9Zss;522741254434455554
https://youtube.com/watch?v=Xv-GxoEvybk;522741254434455554
https://youtube.com/watch?v=VCxXpSPCC3c;522741254434455554
https://www.youtube.com/watch?v=vPUal3TPtqo;522741254434455554
https://youtube.com/watch?v=Etq6Ahk1MSc;522741254434455554
https://youtube.com/watch?v=CjUVTEExfBg;522741254434455554
https://youtube.com/watch?v=pzjLccPoGUs;522741254434455554
https://youtube.com/watch?v=ZwchlkVfJkA;522741254434455554
https://youtube.com/watch?v=Q3WfWzafWNk;522741254434455554
https://youtube.com/watch?v=hrz8_uUyxDA;522741254434455554
https://www.youtube.com/watch?v=1x6n44EcJI8;522741254434455554
https://www.youtube.com/watch?v=bmfudW7rbG0;522741254434455554
https://youtube.com/watch?v=0K3IPbQzCys;522741254434455554
https://youtube.com/watch?v=9PzBDlhLRXo;522741254434455554
https://youtube.com/watch?v=THM13sZPWD4;522741254434455554
https://youtube.com/watch?v=gqi3D85v-RQ;522741254434455554
https://youtube.com/watch?v=k0kkfs-Lu7Q;522741254434455554
https://youtube.com/watch?v=GgqHcKt2r4s;522741254434455554
https://youtube.com/watch?v=J4TuXeJ1wwY;522741254434455554
https://youtube.com/watch?v=Ag7ozLTzedc;522741254434455554
https://youtube.com/watch?v=0aGT0WNMp3A;522741254434455554
https://www.youtube.com/watch?v=moFKVh6DNyI;522741254434455554
https://youtube.com/watch?v=6JFfoNhBsU8;522741254434455554
https://www.youtube.com/watch?v=MtLHwqbE1eI;522741254434455554
https://youtube.com/watch?v=x56eWRJVOhM;522741254434455554
https://youtube.com/watch?v=-0j_vt32-to;522741254434455554
https://youtube.com/watch?v=azSjz9xdv6Y;522741254434455554
https://youtube.com/watch?v=qDgTBYukJ_Y;522741254434455554
https://www.youtube.com/watch?v=Y7YwcHbvysM;522741254434455554
https://youtube.com/watch?v=h3xsqTgxpB0;522741254434455554
https://youtube.com/watch?v=Vrb9TNkdT1M;522741254434455554
https://www.youtube.com/watch?v=KwIe_sjKeAY;543125309197778947
https://youtube.com/watch?v=4DyOnZvezBM;522741254434455554
https://youtube.com/watch?v=BgNnPxMXTek;522741254434455554
https://youtube.com/watch?v=mmyibvaj-lI;522741254434455554
https://youtube.com/watch?v=w4rmSSoYdPk;522741254434455554
https://youtube.com/watch?v=ujJfjqmTFg8;522741254434455554
https://youtube.com/watch?v=InQk79Ll9u4;522741254434455554
https://youtube.com/watch?v=_muhYPpGBCQ;522741254434455554
https://youtube.com/watch?v=wrX42MAlRIw;522741254434455554
https://www.youtube.com/watch?v=OChc4YcajiQ;522741254434455554
https://youtube.com/watch?v=gVMAfk61Csk;522741254434455554
https://youtube.com/watch?v=s9wsRRlTL3s;522741254434455554
https://youtube.com/watch?v=wVuFJG48K1o;522741254434455554
https://www.youtube.com/watch?v=dvgZkm1xWPE;522741254434455554
https://youtube.com/watch?v=noV6OWaKr68;522741254434455554
https://youtube.com/watch?v=uJ480TCCMAs;522741254434455554
https://www.youtube.com/watch?v=6W5pq4bIzIw;522741254434455554
https://youtube.com/watch?v=QrKDN9Tz1Mw;522741254434455554
https://youtube.com/watch?v=PDiGcWh5lOE;522741254434455554
https://youtube.com/watch?v=uvmKc2GmGYU;522741254434455554
https://youtube.com/watch?v=26I1hs1bg3o;522741254434455554
https://youtube.com/watch?v=fUai2KG-FU8;522741254434455554
https://youtube.com/watch?v=v1YojYU5nPQ;522741254434455554
https://youtube.com/watch?v=KgW1P4MMEp8;522741254434455554
https://youtube.com/watch?v=v94U8_XpCFM;522741254434455554
https://youtube.com/watch?v=g2P_UX-R3PQ;522741254434455554
https://youtube.com/watch?v=2uOVDvzMtsY;522741254434455554
https://youtube.com/watch?v=mMaCC887ljU;522741254434455554
https://youtube.com/watch?v=JqN4_mufE2U;522741254434455554
https://youtube.com/watch?v=r_eJGWYz1xE;522741254434455554
https://www.youtube.com/watch?v=k8ozVkIkr-g;522741254434455554
https://youtube.com/watch?v=KMhLxAXYlHM;522741254434455554
https://youtube.com/watch?v=qz1eb3h8DYM;522741254434455554
https://youtube.com/watch?v=I1qtrxUywA0;522741254434455554
https://youtube.com/watch?v=elNm5EMCz0o;522741254434455554
https://youtube.com/watch?v=epz9O3OStZM;522741254434455554
https://youtube.com/watch?v=MJhiY9Crd94;522741254434455554
https://youtube.com/watch?v=dtNirx14Aik;522741254434455554
https://youtube.com/watch?v=SGZVpJyXX5Y;522741254434455554
https://youtube.com/watch?v=AHoA35mBEa8;522741254434455554
https://youtube.com/watch?v=lct1dnTt_yY;522741254434455554
https://youtube.com/watch?v=3Mx4gpEjJYQ;522741254434455554
https://youtube.com/watch?v=Y7YwcHbvysM;522741254434455554
https://youtube.com/watch?v=KRS9Nr1SfPs;522741254434455554
https://youtube.com/watch?v=IK4iJsGqpUY;522741254434455554
https://youtube.com/watch?v=VapiB7E9sAo;522741254434455554
https://www.youtube.com/watch?v=hBp4dgE7Bho;522741254434455554
https://youtube.com/watch?v=UKXeico0yeI;522741254434455554
https://youtube.com/watch?v=ShV3EDNLsls;522741254434455554
https://youtube.com/watch?v=SQulCltPdRY;522741254434455554
https://www.youtube.com/watch?v=mk48xRzuNvA;792437984653213727
https://youtube.com/watch?v=KllRhr2pthw;522741254434455554
https://youtube.com/watch?v=Xjzb_-26m2o;522741254434455554
https://youtube.com/watch?v=OrQ0zZArUV8;522741254434455554
https://youtube.com/watch?v=MA6xrgQxEnI;522741254434455554
https://youtube.com/watch?v=9VcgZNwhOZM;522741254434455554
https://www.youtube.com/watch?v=qYEooPeyz5M;522741254434455554
https://youtube.com/watch?v=6rvWZztOeOU;522741254434455554
https://youtube.com/watch?v=nlZ-9KztwMQ;522741254434455554
https://youtube.com/watch?v=-EtZLQatgPs;522741254434455554
https://youtube.com/watch?v=w9jnooxDHBw;522741254434455554
https://youtube.com/watch?v=qAgPH1CWiAw;522741254434455554
https://youtube.com/watch?v=kDvHk8u3xEw;522741254434455554
https://youtube.com/watch?v=K9CebPgSQts;522741254434455554
https://youtube.com/watch?v=5K-wMr5WSQ4;522741254434455554
https://youtube.com/watch?v=rF1LaYmCQw0;522741254434455554
https://www.youtube.com/watch?v=DNZUKm0ApEM;522741254434455554
https://youtube.com/watch?v=Qp4In8GFSv4;522741254434455554
https://youtube.com/watch?v=HljFLeIkpLU;522741254434455554
https://youtube.com/watch?v=G9xdGVKSd4E;522741254434455554
https://youtube.com/watch?v=ScEqYIfvpEM;522741254434455554
https://youtube.com/watch?v=tpH8TEkKQI4;522741254434455554
https://youtube.com/watch?v=aIJvWkPSshk;522741254434455554
https://youtube.com/watch?v=BBPlfYz4yYU;522741254434455554
https://youtube.com/watch?v=NzfNzUH9vBw;522741254434455554
https://www.youtube.com/watch?v=NM-VWHP-cWk;792437984653213727
https://youtube.com/watch?v=Rma40daxYIU;522741254434455554
https://youtube.com/watch?v=bCRZt9qNzYc;522741254434455554
https://youtube.com/watch?v=UbRB92LvUGs;522741254434455554
https://youtube.com/watch?v=_Drfcw8f3Bs;522741254434455554
https://youtube.com/watch?v=b2xDl8w7oIA;522741254434455554
https://youtube.com/watch?v=0LGZ1uyYyOg;522741254434455554
https://www.youtube.com/watch?v=LRP8d7hhpoQ;522741254434455554
https://youtube.com/watch?v=GNskCCDIpig;522741254434455554
https://youtube.com/watch?v=WZsLky71f94;522741254434455554
https://youtube.com/watch?v=xJRs-FxAYs8;522741254434455554
https://youtube.com/watch?v=Jt4MKTxkprU;522741254434455554
https://youtube.com/watch?v=zD037KtLniI;522741254434455554
https://youtube.com/watch?v=qk2jYmZerD8;522741254434455554
https://youtube.com/watch?v=4XfxOQ6tGsY;522741254434455554
https://www.youtube.com/watch?v=dlFA0Zq1k2A;522741254434455554
https://youtube.com/watch?v=OpvgkBqSeRc;522741254434455554
https://youtube.com/watch?v=K2aI1lgokBs;522741254434455554
https://www.youtube.com/watch?v=u9Dg-g7t2l4;522741254434455554
https://www.youtube.com/watch?v=qeMFqkcPYcg;522741254434455554
https://youtube.com/watch?v=UJPJYcudHGM;522741254434455554
https://www.youtube.com/watch?v=VqhCQZaH4Vs;522741254434455554
https://youtube.com/watch?v=ehw6pZbIAa4;522741254434455554
https://youtube.com/watch?v=ENJZQ0kY120;522741254434455554
https://youtube.com/watch?v=vjPvZOiDLB8;522741254434455554
https://youtube.com/watch?v=qz9bpL7o9Uo;522741254434455554
https://youtube.com/watch?v=YSldHVTSBOs;522741254434455554
https://youtube.com/watch?v=W9ZJERiY_HA;522741254434455554
https://youtube.com/watch?v=CCIK0jg-yxk;522741254434455554
https://www.youtube.com/watch?v=16y1AkoZkmQ;522741254434455554
https://youtube.com/watch?v=SIS-dQJ5-Jo;522741254434455554
https://youtube.com/watch?v=O8DNLabsh2E;522741254434455554
https://youtube.com/watch?v=tF04aIba5p8;522741254434455554
https://youtube.com/watch?v=Amb_O8JvVz4;522741254434455554
https://youtube.com/watch?v=rMQtFcGKAkw;522741254434455554
https://youtube.com/watch?v=ihF8jUVT9Ns;522741254434455554
https://youtube.com/watch?v=p600xJaHSYw;522741254434455554
https://youtube.com/watch?v=qDE4pm6yiHM;522741254434455554
https://youtube.com/watch?v=G9YX0pO9qfM;522741254434455554
https://youtube.com/watch?v=gxx9Fdc0Ud8;522741254434455554
https://www.youtube.com/watch?v=nDFBb-mlfGo;522741254434455554
https://youtube.com/watch?v=qzkC-alTbeA;522741254434455554
https://youtube.com/watch?v=H95vYP4aDD4;522741254434455554
https://www.youtube.com/watch?v=GgwUenaQqlM;522741254434455554
https://youtube.com/watch?v=sOsexxBk_2g;522741254434455554
https://www.youtube.com/watch?v=0eyy3ZPPCnc;522741254434455554
https://youtube.com/watch?v=97xfV6yXcrk;522741254434455554
https://www.youtube.com/watch?v=SDTZ7iX4vTQ;543125309197778947
https://youtube.com/watch?v=u5FhCeP__rk;522741254434455554
https://youtube.com/watch?v=k1iIxB8LR84;522741254434455554
https://youtube.com/watch?v=CgJ639X6GV8;522741254434455554
https://youtube.com/watch?v=hO4f4t-uwI0;522741254434455554
https://youtube.com/watch?v=DybCZvW1mBo;522741254434455554
https://youtube.com/watch?v=WLpoenvmbEU;522741254434455554
https://youtube.com/watch?v=IfV7xEWRyM4;522741254434455554
https://youtube.com/watch?v=khFy3yoxw04;522741254434455554
https://youtube.com/watch?v=Cg9ltJB8xaA;522741254434455554
https://youtube.com/watch?v=6XkmcOEYgE8;522741254434455554
https://youtube.com/watch?v=Yxsu6FTmE5Q;522741254434455554
https://youtube.com/watch?v=Sw1Flgub9s8;522741254434455554
https://www.youtube.com/watch?v=ye5BuYf8q4o;543125309197778947
https://youtube.com/watch?v=UFFa0QoHWvE;522741254434455554
https://youtube.com/watch?v=aPiys9vJxuo;522741254434455554
https://youtube.com/watch?v=Mq3S-cTApwY;522741254434455554
https://www.youtube.com/watch?v=P5_yOKGUq4E;522741254434455554
https://youtube.com/watch?v=saDmN2f3HI0;522741254434455554
https://www.youtube.com/watch?v=7JJfJgyHYwU;792437984653213727
https://youtube.com/watch?v=eQF_Y9a4n9k;522741254434455554
https://youtube.com/watch?v=dsqanpIXWeQ;522741254434455554
https://youtube.com/watch?v=EfQ-tBSTxTU;522741254434455554
https://youtube.com/watch?v=MtLHwqbE1eI;522741254434455554
https://youtube.com/watch?v=vEBNlbn8OgY;522741254434455554
https://youtube.com/watch?v=_MUR47gTsD8;522741254434455554
https://www.youtube.com/watch?v=6NXnxTNIWkc;522741254434455554
https://youtube.com/watch?v=aFhaGeP1ezc;522741254434455554
https://youtube.com/watch?v=xzDlQKOLoVQ;522741254434455554
https://youtube.com/watch?v=hu8Y29xbaV0;522741254434455554
https://youtube.com/watch?v=t54mViYCuCU;522741254434455554
https://youtube.com/watch?v=vPUal3TPtqo;522741254434455554
https://youtube.com/watch?v=vMboypSkj3c;522741254434455554
https://youtube.com/watch?v=wwb7WkZ1Slg;522741254434455554
https://youtube.com/watch?v=9ERPEH6pzIA;522741254434455554
https://youtube.com/watch?v=djCn1rufB5A;522741254434455554
https://youtube.com/watch?v=mWIaFbHG44s;522741254434455554
https://youtube.com/watch?v=ieBO4MeE9Yc;522741254434455554
https://www.youtube.com/watch?v=tqiuE9g3Uss;721240463117385830
https://www.youtube.com/watch?v=dmcNbsLCpBQ;522741254434455554
https://www.youtube.com/watch?v=AODD6vPbNFk;522741254434455554
https://youtube.com/watch?v=liu2UH2nRUc;522741254434455554
https://www.youtube.com/watch?v=DLaJReN5iME;612579102825775148
https://youtube.com/watch?v=j8hnLrkA5NY;522741254434455554
https://www.youtube.com/watch?v=1tLYYSofs3U;522741254434455554
https://youtube.com/watch?v=e-ISiOnHG7M;522741254434455554
https://youtube.com/watch?v=vvvvcpwFw5o;522741254434455554
https://www.youtube.com/watch?v=WkQE64jInOw;522741254434455554
https://youtube.com/watch?v=W5Y42b1TJsk;522741254434455554
https://youtube.com/watch?v=yj_67QvB-uE;522741254434455554
https://youtube.com/watch?v=OwEdEQkqHGo;522741254434455554
https://youtube.com/watch?v=FtGL1UJ2PM8;522741254434455554
https://www.youtube.com/watch?v=d0bd3sQ1_XQ;522741254434455554
https://youtube.com/watch?v=eSlcNMmydug;522741254434455554
https://youtube.com/watch?v=QGOzAmLirhw;522741254434455554
https://youtube.com/watch?v=wsl8HS_lVHE;522741254434455554
https://youtube.com/watch?v=_SKgGyiAnK0;522741254434455554
https://www.youtube.com/watch?v=W8r-tXRLazs;543125309197778947
https://youtube.com/watch?v=tBb6CqgYHt8;522741254434455554
https://youtube.com/watch?v=1_lap6dzSUc;522741254434455554
https://youtube.com/watch?v=sUW4dDWiz-A;522741254434455554
https://www.youtube.com/watch?v=98glKX-msPA;522741254434455554
https://youtube.com/watch?v=JM0BXII3Y3c;522741254434455554
https://youtube.com/watch?v=GwaRztMaoY0;522741254434455554
https://www.youtube.com/watch?v=T3E9Wjbq44E;792437984653213727
https://www.youtube.com/watch?v=LKsgDcckur0;721240463117385830
https://www.youtube.com/watch?v=iHUnUHA5hek;522741254434455554
https://www.youtube.com/watch?v=v2AC41dglnM;543125309197778947
https://youtube.com/watch?v=K2PCc2I9Xwk;522741254434455554
https://youtube.com/watch?v=6sTMZ2vZ5-I;522741254434455554
https://youtube.com/watch?v=A-pRUJHlQXo;522741254434455554
https://youtube.com/watch?v=K6k63SJQquo;522741254434455554
https://youtube.com/watch?v=atFqTNFlXdY;522741254434455554
https://www.youtube.com/watch?v=a2GujJZfXpg;522741254434455554
https://youtube.com/watch?v=SnjPxcWatJs;522741254434455554
https://youtube.com/watch?v=ejd7uR929wY;522741254434455554
https://youtube.com/watch?v=fhgwSyRmAb8;522741254434455554
https://youtube.com/watch?v=O-8wiRiFUvg;522741254434455554
https://youtube.com/watch?v=3bOBhoKH4Pg;522741254434455554
https://youtube.com/watch?v=-u4QwL_bEa4;522741254434455554
https://youtube.com/watch?v=X_hujJnYeDE;522741254434455554
https://youtube.com/watch?v=sBQAGlDIHbA;522741254434455554
https://youtube.com/watch?v=NCRcTZiahss;522741254434455554
https://youtube.com/watch?v=nOj_A3aZxGs;522741254434455554
https://youtube.com/watch?v=2bAF-pDKvpY;522741254434455554
https://www.youtube.com/watch?v=wc5vncyWQnY;522741254434455554
https://www.youtube.com/watch?v=tvtf0aaXt2k;522741254434455554
https://youtube.com/watch?v=QP71dxKnbVc;522741254434455554
https://youtube.com/watch?v=RcbtXcN6GR0;522741254434455554
https://youtube.com/watch?v=cJKv_gnQQvE;522741254434455554
https://youtube.com/watch?v=5BMnuvtdw1s;522741254434455554
https://www.youtube.com/watch?v=4NRXx6U8ABQ;522741254434455554
https://youtube.com/watch?v=uU5C0ZuCi6s;522741254434455554
https://youtube.com/watch?v=_FqYK2Tu0H0;522741254434455554
https://www.youtube.com/watch?v=rh-xfHTJp6M;522741254434455554
https://youtube.com/watch?v=XhfcUAs3W4M;522741254434455554
https://youtube.com/watch?v=satDkS4qB34;522741254434455554
https://youtube.com/watch?v=j0nDofWY6n8;522741254434455554
https://youtube.com/watch?v=ENcnYh79dUY;522741254434455554
https://www.youtube.com/watch?v=XEjLoHdbVeE;543125309197778947
https://youtube.com/watch?v=fpECK8ZeI5I;522741254434455554
https://youtube.com/watch?v=52MyfphGa5M;522741254434455554
https://youtube.com/watch?v=F64yFFnZfkI;522741254434455554
https://www.youtube.com/watch?v=-tJYN-eG1zk;543125309197778947
https://youtube.com/watch?v=Dts-OuW3c5k;522741254434455554
https://youtube.com/watch?v=TC5bUWCtgKc;522741254434455554
https://youtube.com/watch?v=-97_lbCtgpg;522741254434455554
https://youtube.com/watch?v=raZ22iX5J18;522741254434455554
https://youtube.com/watch?v=FQSi-5OGlTE;522741254434455554
https://youtube.com/watch?v=N0nd2u7iSPo;522741254434455554
https://youtube.com/watch?v=HeP9q4ikHhw;522741254434455554
https://www.youtube.com/watch?v=NZc__Hhi4L8;721240463117385830
https://www.youtube.com/watch?v=SBQprWeOx8g;522741254434455554
https://youtube.com/watch?v=q4EyO0jcCQ8;522741254434455554
https://youtube.com/watch?v=NJkQzZOdOsI;522741254434455554
https://youtube.com/watch?v=xv8KQPADeUU;522741254434455554
https://youtube.com/watch?v=KUPxoQnjFV4;522741254434455554
https://youtube.com/watch?v=OpjokfOSP7w;522741254434455554
https://youtube.com/watch?v=OPEbNNSEmOA;522741254434455554
https://youtube.com/watch?v=rdryKml2YXI;522741254434455554
https://youtube.com/watch?v=hPByWThUnk4;522741254434455554
https://www.youtube.com/watch?v=lDK9QqIzhwk;543125309197778947
https://youtube.com/watch?v=2qbE3cFRxTw;522741254434455554
https://www.youtube.com/watch?v=1vrEljMfXYo;543125309197778947
https://youtube.com/watch?v=mkjRQq3FfdY;522741254434455554
https://youtube.com/watch?v=ugpywe34_30;522741254434455554
https://www.youtube.com/watch?v=btPJPFnesV4;543125309197778947
https://youtube.com/watch?v=DM3w76XbExY;522741254434455554
https://youtube.com/watch?v=ZB9UvUJL_lE;522741254434455554
https://youtube.com/watch?v=fqYFkPeYqoI;522741254434455554
https://www.youtube.com/watch?v=XNGXq1hZ1jM;522741254434455554
https://youtube.com/watch?v=1vZhC5kxQno;522741254434455554
https://youtube.com/watch?v=MuHhiRzCgiA;522741254434455554
https://youtube.com/watch?v=HUhwODrg8gY;522741254434455554
https://youtube.com/watch?v=5ZSO-6_d5Mg;522741254434455554
https://youtube.com/watch?v=T_-B4t7YfRk;522741254434455554
https://youtube.com/watch?v=pO5PLjDUkWw;522741254434455554
https://youtube.com/watch?v=zdgkjNlL4x8;522741254434455554
https://youtube.com/watch?v=nLUhja99BGA;522741254434455554
https://www.youtube.com/watch?v=bijTi0_M35o;522741254434455554
https://youtube.com/watch?v=0L7KVMr2aQg;522741254434455554
https://www.youtube.com/watch?v=fJ9rUzIMcZQ;522741254434455554
https://youtube.com/watch?v=fIdIpDwFM-U;522741254434455554
https://youtube.com/watch?v=D0hFBzbVNdc;522741254434455554
https://www.youtube.com/watch?v=WFsAon_TWPQ;721240463117385830
https://youtube.com/watch?v=zVenDi5c6Dg;522741254434455554
https://youtube.com/watch?v=WAoPeG1LU1g;522741254434455554
https://youtube.com/watch?v=4MoRLTAJY_0;522741254434455554
https://www.youtube.com/watch?v=_CL6n0FJZpk;543125309197778947
https://www.youtube.com/watch?v=o3FnMWNoj2c;522741254434455554
https://youtube.com/watch?v=Gt9e0qeZK4w;522741254434455554
https://www.youtube.com/watch?v=BN1WwnEDWAM;522741254434455554
https://www.youtube.com/watch?v=Mw66DyjQxBI;522741254434455554
https://youtube.com/watch?v=5DjFpPSuGR0;522741254434455554
https://youtube.com/watch?v=nBteO-bU78Y;522741254434455554
https://youtube.com/watch?v=DC6JppqHkaM;522741254434455554
https://youtube.com/watch?v=ry3Tupx4BL4;522741254434455554
https://www.youtube.com/watch?v=e-J_DJ19C7k;522741254434455554
https://www.youtube.com/watch?v=eJO5HU_7_1w;543125309197778947
https://youtube.com/watch?v=M-ROgEvfkqE;522741254434455554
https://youtube.com/watch?v=GvL7mXF6WOc;522741254434455554
https://youtube.com/watch?v=6Mo0UoxLOZA;522741254434455554
https://youtube.com/watch?v=61xgVnmT29s;522741254434455554
https://youtube.com/watch?v=NFL9QEo0cZg;522741254434455554
https://youtube.com/watch?v=6tpQVGrYEnM;522741254434455554
https://youtube.com/watch?v=ZPYmIM8rT2Y;522741254434455554
https://www.youtube.com/watch?v=m3YX8zlR4BU;522741254434455554
https://youtube.com/watch?v=1o0rGj1CR9Q;522741254434455554
https://youtube.com/watch?v=vFfPYPd16CU;522741254434455554
https://youtube.com/watch?v=QDWdxZp-jL4;522741254434455554
https://youtube.com/watch?v=74Xt9oL3zjw;522741254434455554
https://youtube.com/watch?v=Ou6RbA_Fijs;522741254434455554
https://youtube.com/watch?v=rhrCtoyxKvA;522741254434455554
https://www.youtube.com/watch?v=SJUhlRoBL8M;543125309197778947
https://youtube.com/watch?v=6DVEjsJhcCA;522741254434455554
https://youtube.com/watch?v=7HgJIAUtICU;522741254434455554
https://youtube.com/watch?v=_CcG-Fz9zV0;522741254434455554
https://www.youtube.com/watch?v=djV11Xbc914;522741254434455554
https://youtube.com/watch?v=Ulpb-adrEOU;522741254434455554
https://youtube.com/watch?v=xcG8N_zVo7g;522741254434455554
https://youtube.com/watch?v=Le9UEgEuc_Q;522741254434455554
https://youtube.com/watch?v=ViG28OU9crI;522741254434455554
https://youtube.com/watch?v=HN2qtD_ws0E;522741254434455554
https://www.youtube.com/watch?v=33JWX_TPHlE;522741254434455554
https://youtube.com/watch?v=qiLFkyEKhUQ;522741254434455554
https://youtube.com/watch?v=_JHBZI2Bf1w;522741254434455554
https://youtube.com/watch?v=8HdJDsM_0k0;522741254434455554
https://youtube.com/watch?v=MjVcV6f_QiQ;522741254434455554
https://youtube.com/watch?v=RO-yJBh8nl0;522741254434455554
https://youtube.com/watch?v=lfyPvaZiioU;522741254434455554
https://youtube.com/watch?v=6u5GK11Yt7Q;522741254434455554
https://www.youtube.com/watch?v=tbNlMtqrYS0;522741254434455554
https://youtube.com/watch?v=Atvsg_zogxo;522741254434455554
https://youtube.com/watch?v=a0y_KKcQhqg;522741254434455554
https://youtube.com/watch?v=MMHFuAKG24M;522741254434455554
https://youtube.com/watch?v=RIDiNoRD69k;522741254434455554
https://youtube.com/watch?v=wgS0v5WfSXA;522741254434455554
https://youtube.com/watch?v=xR_mMwby8sY;522741254434455554
https://youtube.com/watch?v=ii_ZbZV5T9o;522741254434455554
https://youtube.com/watch?v=4YBNqNPjVM0;522741254434455554
https://www.youtube.com/watch?v=fGx6K90TmCI;522741254434455554
https://youtube.com/watch?v=mHmB5mhkuP0;522741254434455554
https://youtube.com/watch?v=YbsMU0qQTy4;522741254434455554
https://youtube.com/watch?v=FkdX6UHVyW8;522741254434455554
https://youtube.com/watch?v=2qcvp5nE4Lc;522741254434455554
https://youtube.com/watch?v=R3MqJwXND9M;522741254434455554
https://youtube.com/watch?v=qWRGSvOJYXQ;522741254434455554
https://youtube.com/watch?v=Fg-KDlXb-6o;522741254434455554
https://youtube.com/watch?v=luE58qxowKA;522741254434455554
https://youtube.com/watch?v=omUISM8Fc5M;522741254434455554
https://youtube.com/watch?v=2Vzksex5REE;522741254434455554
https://youtube.com/watch?v=baJ0aNBsE44;522741254434455554
https://youtube.com/watch?v=GEt_poMSw_U;522741254434455554
https://youtube.com/watch?v=x3K_7_F7DtY;522741254434455554
https://youtube.com/watch?v=UnIhRpIT7nc;522741254434455554
https://www.youtube.com/watch?v=HgzGwKwLmgM;543125309197778947
https://youtube.com/watch?v=UWCwnnO0SuI;522741254434455554
https://www.youtube.com/watch?v=0VJ1NuAbEBI;543125309197778947
https://youtube.com/watch?v=vqhHeYEMBRo;522741254434455554
https://www.youtube.com/watch?v=6okxuiiHx2w;522741254434455554
https://www.youtube.com/watch?v=h_m-BjrxmgI;522741254434455554
https://youtube.com/watch?v=NPy7dAyHAfc;522741254434455554
https://youtube.com/watch?v=gLHMcV4oV3I;522741254434455554
https://www.youtube.com/watch?v=1SrMPaCJLL8;522741254434455554
https://www.youtube.com/watch?v=fVKzzp2xieM;522741254434455554
https://youtube.com/watch?v=h6_8SH9bOqA;522741254434455554
https://www.youtube.com/watch?v=ZHwVBirqD2s;522741254434455554
https://youtube.com/watch?v=10YHsVc01IY;522741254434455554
https://youtube.com/watch?v=M2UY0K0PdKc;522741254434455554
https://youtube.com/watch?v=44WRVvclz0U;522741254434455554
https://youtube.com/watch?v=lzfp7Lnz6Ow;522741254434455554
https://www.youtube.com/watch?v=IcrbM1l_BoI;792437984653213727
https://youtube.com/watch?v=ThWvPLq_hpQ;522741254434455554
https://www.youtube.com/watch?v=wQ5BFivMwxU;543125309197778947
https://youtube.com/watch?v=oKjWCjnxhO0;522741254434455554
https://youtube.com/watch?v=rlh1uaEanzM;522741254434455554
https://youtube.com/watch?v=G2DLBIutxc0;522741254434455554
https://youtube.com/watch?v=z4cngdkOHeA;522741254434455554
https://youtube.com/watch?v=qcu1rydEB38;522741254434455554
https://youtube.com/watch?v=0f8U8Zf_gLg;522741254434455554
https://www.youtube.com/watch?v=WZsLky71f94;522741254434455554
https://www.youtube.com/watch?v=L_jWHffIx5E;522741254434455554
https://www.youtube.com/watch?v=CS9OO0S5w2k;543125309197778947
https://youtube.com/watch?v=RVwj5o7AUxc;522741254434455554
https://youtube.com/watch?v=ubrovjZUi64;522741254434455554
https://youtube.com/watch?v=-4MrALsqwKA;522741254434455554
https://youtube.com/watch?v=xW5NFtGnrtU;522741254434455554
https://youtube.com/watch?v=H_1whP-aeTI;522741254434455554
https://youtube.com/watch?v=gtXOFjmV4zk;522741254434455554
https://youtube.com/watch?v=hSzyI3u5DFo;522741254434455554
https://youtube.com/watch?v=nHONksx5R_0;522741254434455554
https://youtube.com/watch?v=GEW3ZuxMaV0;522741254434455554
https://youtube.com/watch?v=rxDmYEpb9Sc;522741254434455554
https://youtube.com/watch?v=HxlysqrFjHo;522741254434455554
https://youtube.com/watch?v=UIBXLwIR9BE;522741254434455554
https://www.youtube.com/watch?v=NQMmZ4Psb7w&list=PLFbDEzLLmnWe5sr84uOu_jyLbfFIIMTHF&index=14;522741254434455554
https://youtube.com/watch?v=PQpdAqs-M9s;522741254434455554
https://youtube.com/watch?v=OvxTIouvE_E;522741254434455554
https://youtube.com/watch?v=fN4VQ3M56DI;522741254434455554
https://www.youtube.com/watch?v=W-TE_Ys4iwM;792437984653213727
https://youtube.com/watch?v=UMES2hHhy-k;522741254434455554
https://youtube.com/watch?v=Rag51yOUo9o;522741254434455554
https://www.youtube.com/watch?v=oKrexpXBkH4;522741254434455554
https://www.youtube.com/watch?v=yydNF8tuVmU;522741254434455554
https://youtube.com/watch?v=JL9YvAUHJ0g;522741254434455554
https://youtube.com/watch?v=D199Zpv6d6M;522741254434455554
https://youtube.com/watch?v=KO_vtdaeqME;522741254434455554
https://youtube.com/watch?v=GmMejJK_vHg;522741254434455554
https://www.youtube.com/watch?v=qkyfrRnvHZ0;522741254434455554
https://youtube.com/watch?v=CDMnKbsyLMM;522741254434455554
https://youtube.com/watch?v=iRQC-kKMkCU;522741254434455554
https://youtube.com/watch?v=rweQmBxc2lc;522741254434455554
https://youtube.com/watch?v=fPhY70hv6gI;522741254434455554
https://youtube.com/watch?v=d6Fl-e15sOQ;522741254434455554
https://youtube.com/watch?v=d7TxnqVxW4E;522741254434455554
https://youtube.com/watch?v=fkx1OUNUYuc;522741254434455554
https://youtube.com/watch?v=cVlsc3kXToM;522741254434455554
https://youtube.com/watch?v=sAuEeM_6zpk;522741254434455554
https://youtube.com/watch?v=bHv1BXDbU24;522741254434455554
https://youtube.com/watch?v=q3wdYeF0lYw;522741254434455554
https://youtube.com/watch?v=AQZcneUFWc0;522741254434455554
https://www.youtube.com/watch?v=fNFzfwLM72c;522741254434455554
https://youtube.com/watch?v=W5ZIZ6v7egU;522741254434455554
https://youtube.com/watch?v=_Vq0UX9I2fw;522741254434455554
https://youtube.com/watch?v=LQgl5KF_bxY;522741254434455554
https://youtube.com/watch?v=KzTGuGP51PM;522741254434455554
https://www.youtube.com/watch?v=9_c2XZd9mMo;522741254434455554
https://youtube.com/watch?v=mJJgt9y3WnI;522741254434455554
https://youtube.com/watch?v=zbiYkqVWGug;522741254434455554
https://youtube.com/watch?v=V7Im6EjCTKE;522741254434455554
https://youtube.com/watch?v=Ku4Y-UPoIBg;522741254434455554
https://youtube.com/watch?v=v1c5gV3EpRA;522741254434455554
https://youtube.com/watch?v=TW9VRpIeG1Y;522741254434455554
