https://www.youtube.com/watch?v=pAgnJDJN4VA;543125309197778947
https://www.youtube.com/watch?v=btPJPFnesV4;543125309197778947
https://www.youtube.com/watch?v=9jK-NcRmVcw;543125309197778947
https://www.youtube.com/watch?v=_CL6n0FJZpk;543125309197778947
https://www.youtube.com/watch?v=rpR2SLm8Q6k;543125309197778947
https://www.youtube.com/watch?v=KwIe_sjKeAY;543125309197778947
https://www.youtube.com/watch?v=qeMFqkcPYcg;543125309197778947
https://www.youtube.com/watch?v=eJO5HU_7_1w;543125309197778947
https://www.youtube.com/watch?v=wuJIqmha2Hk;543125309197778947
https://www.youtube.com/watch?v=v_B3qkp4nO4;543125309197778947
https://www.youtube.com/watch?v=lDK9QqIzhwk;543125309197778947
https://www.youtube.com/watch?v=v2AC41dglnM;543125309197778947
https://www.youtube.com/watch?v=SDTZ7iX4vTQ;543125309197778947
https://www.youtube.com/watch?v=Fpu5a0Bl8eY;543125309197778947
https://www.youtube.com/watch?v=2s4slliAtQU;543125309197778947
https://www.youtube.com/watch?v=HgzGwKwLmgM;543125309197778947
https://www.youtube.com/watch?v=L_jWHffIx5E;543125309197778947
https://www.youtube.com/watch?v=JaoMgaBafFg;543125309197778947
https://www.youtube.com/watch?v=rY0WxgSXdEE;543125309197778947
https://www.youtube.com/watch?v=Hy8kmNEo1i8;543125309197778947
https://www.youtube.com/watch?v=W8r-tXRLazs;543125309197778947
https://www.youtube.com/watch?v=SJUhlRoBL8M;543125309197778947
https://www.youtube.com/watch?v=1vrEljMfXYo;543125309197778947
https://www.youtube.com/watch?v=pLJ85XExZtQ;543125309197778947
https://www.youtube.com/watch?v=d-diB65scQU;543125309197778947
https://www.youtube.com/watch?v=CS9OO0S5w2k;543125309197778947
https://www.youtube.com/watch?v=SBgQezOF8kY;543125309197778947
https://www.youtube.com/watch?v=ye5BuYf8q4o;543125309197778947
https://www.youtube.com/watch?v=fPO76Jlnz6c;543125309197778947
https://www.youtube.com/watch?v=-tJYN-eG1zk;543125309197778947
https://www.youtube.com/watch?v=XEjLoHdbVeE;543125309197778947
https://www.youtube.com/watch?v=0VJ1NuAbEBI;543125309197778947
https://www.youtube.com/watch?v=OdYGnAFaeHU;543125309197778947
