https://www.youtube.com/watch?v=PfYnvDL0Qcw;543125309197778947
https://www.youtube.com/watch?v=3ftt0AZUN0M;543125309197778947
https://www.youtube.com/watch?v=ZZ5LpwO-An4&t=50s;543125309197778947
https://www.youtube.com/watch?v=dQw4w9WgXcQ;543125309197778947
https://www.youtube.com/watch?v=tkzY_VwNIek;543125309197778947
https://www.youtube.com/watch?v=lOfZLb33uCg;543125309197778947
https://www.youtube.com/watch?v=Hy8kmNEo1i8;543125309197778947
https://www.youtube.com/watch?v=50lozv6D3bY;721240463117385830
https://www.youtube.com/watch?v=2RtI5UEZlzU;543125309197778947
https://www.youtube.com/watch?v=1iuR6RwTDTU;543125309197778947
https://www.youtube.com/watch?v=rpR2SLm8Q6k;543125309197778947
https://www.youtube.com/watch?v=SBgQezOF8kY;543125309197778947
https://www.youtube.com/watch?v=j9V78UbdzWI;721240463117385830
https://www.youtube.com/watch?v=k1BneeJTDcU;543125309197778947
https://www.youtube.com/watch?v=QqRLVFRe9AU;721240463117385830
https://www.youtube.com/watch?v=vTIIMJ9tUc8;543125309197778947
https://www.youtube.com/watch?v=RYc6kS16OjM;721240463117385830
https://www.youtube.com/watch?v=Ns3YxbIhTRM;543125309197778947
https://www.youtube.com/watch?v=U06jlgpMtQs;543125309197778947
https://www.youtube.com/watch?v=L_jWHffIx5E;543125309197778947
https://www.youtube.com/watch?v=j_i2UL8VRjs;543125309197778947
https://www.youtube.com/watch?v=U6n2NcJ7rLc;543125309197778947
https://www.youtube.com/watch?v=NkFrnFooMgk;721240463117385830
https://www.youtube.com/watch?v=46pra8NwhzU;721240463117385830
