https://www.youtube.com/watch?v=Ww8oxgqDQSs;522741254434455554
https://www.youtube.com/watch?v=SJUhlRoBL8M;543125309197778947
https://www.youtube.com/watch?v=yXFIqH-aSwE;522741254434455554
https://www.youtube.com/watch?v=vdcddjV0l5o;522741254434455554
https://www.youtube.com/watch?v=WkQE64jInOw;522741254434455554
https://www.youtube.com/watch?v=OChc4YcajiQ;522741254434455554
https://www.youtube.com/watch?v=k8ozVkIkr-g;522741254434455554
https://www.youtube.com/watch?v=rY0WxgSXdEE;543125309197778947
https://www.youtube.com/watch?v=Fpu5a0Bl8eY;543125309197778947
https://www.youtube.com/watch?v=HEkerSi5Fig;522741254434455554
https://www.youtube.com/watch?v=pAgnJDJN4VA;543125309197778947
https://www.youtube.com/watch?v=9jK-NcRmVcw;543125309197778947
https://www.youtube.com/watch?v=ye5BuYf8q4o;543125309197778947
https://www.youtube.com/watch?v=SDTZ7iX4vTQ;543125309197778947
https://www.youtube.com/watch?v=FUH9S44D1BM;522741254434455554
https://www.youtube.com/watch?v=QxWKRrsDank;522741254434455554
https://www.youtube.com/watch?v=bijTi0_M35o;522741254434455554
https://www.youtube.com/watch?v=WZsLky71f94;522741254434455554
https://www.youtube.com/watch?v=AODD6vPbNFk;522741254434455554
https://www.youtube.com/watch?v=2s4slliAtQU;543125309197778947
https://www.youtube.com/watch?v=nDFBb-mlfGo;522741254434455554
https://www.youtube.com/watch?v=HG_ZC9N_4NM;522741254434455554
https://www.youtube.com/watch?v=a2GujJZfXpg;522741254434455554
https://www.youtube.com/watch?v=n89SKAymNfA;522741254434455554
https://www.youtube.com/watch?v=0VJ1NuAbEBI;543125309197778947
https://www.youtube.com/watch?v=LfephiFN76E;522741254434455554
https://www.youtube.com/watch?v=wQ5BFivMwxU;543125309197778947
https://www.youtube.com/watch?v=wuJIqmha2Hk;543125309197778947
https://www.youtube.com/watch?v=6okxuiiHx2w;522741254434455554
https://www.youtube.com/watch?v=v_B3qkp4nO4;543125309197778947
https://www.youtube.com/watch?v=dvgZkm1xWPE;522741254434455554
https://www.youtube.com/watch?v=fPO76Jlnz6c;543125309197778947
https://www.youtube.com/watch?v=VxFUs1pcWzU;522741254434455554
https://www.youtube.com/watch?v=btPJPFnesV4;543125309197778947
https://www.youtube.com/watch?v=MtLHwqbE1eI;522741254434455554
https://www.youtube.com/watch?v=d0bd3sQ1_XQ;522741254434455554
https://www.youtube.com/watch?v=Oc9NgPgUO3E;522741254434455554
https://www.youtube.com/watch?v=HQnC1UHBvWA;522741254434455554
https://www.youtube.com/watch?v=rh-xfHTJp6M;522741254434455554
https://www.youtube.com/watch?v=fVKzzp2xieM;522741254434455554
https://www.youtube.com/watch?v=Mw66DyjQxBI;522741254434455554
