https://www.youtube.com/watch?v=ZXIF2GX61Fo;721240463117385830
https://www.youtube.com/watch?v=LKsgDcckur0;721240463117385830
https://www.youtube.com/watch?v=B6eLbmLGUyc;721240463117385830
https://www.youtube.com/watch?v=KRaWnd3LJfs;721240463117385830
https://www.youtube.com/watch?v=WFsAon_TWPQ;721240463117385830
https://www.youtube.com/watch?v=NZc__Hhi4L8;721240463117385830
https://www.youtube.com/watch?v=d-diB65scQU;721240463117385830
https://www.youtube.com/watch?v=tqiuE9g3Uss;721240463117385830
https://www.youtube.com/watch?v=co_bN5j1jI8;721240463117385830
https://www.youtube.com/watch?v=1qksd1FYZe8;721240463117385830
