https://www.youtube.com/watch?v=98glKX-msPA;543125309197778947
https://www.youtube.com/watch?v=m3YX8zlR4BU;543125309197778947
https://www.youtube.com/watch?v=AHFYcJPKE9M;543125309197778947
https://www.youtube.com/watch?v=-N4jf6rtyuw;543125309197778947
https://www.youtube.com/watch?v=jHPOzQzk9Qo;543125309197778947
https://www.youtube.com/watch?v=eRhg7qPLeN8;543125309197778947
https://www.youtube.com/watch?v=9_c2XZd9mMo;543125309197778947
https://www.youtube.com/watch?v=Hy8kmNEo1i8;543125309197778947
https://www.youtube.com/watch?v=16y1AkoZkmQ;543125309197778947
https://www.youtube.com/watch?v=bpEmjxobvbY;543125309197778947
https://www.youtube.com/watch?v=1tLYYSofs3U;543125309197778947
https://www.youtube.com/watch?v=0hG-2tQtdlE;543125309197778947
https://www.youtube.com/watch?v=6W5pq4bIzIw;543125309197778947
https://www.youtube.com/watch?v=gTciUaOm3h4;543125309197778947
https://www.youtube.com/watch?v=KwIe_sjKeAY;543125309197778947
https://www.youtube.com/watch?v=EDb303T-B1w;543125309197778947
https://www.youtube.com/watch?v=RBumgq5yVrA;543125309197778947
https://www.youtube.com/watch?v=1vrEljMfXYo;543125309197778947
https://www.youtube.com/watch?v=XEjLoHdbVeE;543125309197778947
https://www.youtube.com/watch?v=6NXnxTNIWkc;543125309197778947
https://www.youtube.com/watch?v=nO6YL09T8Fw;543125309197778947
https://www.youtube.com/watch?v=v2AC41dglnM;543125309197778947
https://www.youtube.com/watch?v=Sj_9CiNkkn4;543125309197778947
https://www.youtube.com/watch?v=lDK9QqIzhwk;543125309197778947
https://www.youtube.com/watch?v=pAgnJDJN4VA;543125309197778947
https://www.youtube.com/watch?v=fNFzfwLM72c;543125309197778947
https://www.youtube.com/watch?v=ye5BuYf8q4o;543125309197778947
https://www.youtube.com/watch?v=gj0Rz-uP4Mk;543125309197778947
https://www.youtube.com/watch?v=wvUQcnfwUUM;543125309197778947
https://www.youtube.com/watch?v=rRva0YOVtcI;543125309197778947
https://www.youtube.com/watch?v=33JWX_TPHlE;543125309197778947
https://www.youtube.com/watch?v=76fGo5I-rXM;543125309197778947
https://www.youtube.com/watch?v=e7tWqyM3r-g;543125309197778947
https://www.youtube.com/watch?v=btPJPFnesV4;543125309197778947
https://www.youtube.com/watch?v=tvtf0aaXt2k;543125309197778947
https://www.youtube.com/watch?v=tbNlMtqrYS0;543125309197778947
https://www.youtube.com/watch?v=VqhCQZaH4Vs;543125309197778947
https://www.youtube.com/watch?v=8UVNT4wvIGY;543125309197778947
https://www.youtube.com/watch?v=RDHjeiys3a0;543125309197778947
https://www.youtube.com/watch?v=DjydOI4MEIw;543125309197778947
https://www.youtube.com/watch?v=hwZNL7QVJjE;543125309197778947
https://www.youtube.com/watch?v=fPO76Jlnz6c;543125309197778947
https://www.youtube.com/watch?v=_Yhyp-_hX2s;543125309197778947
https://www.youtube.com/watch?v=djV11Xbc914;543125309197778947
https://www.youtube.com/watch?v=pLJ85XExZtQ;543125309197778947
https://www.youtube.com/watch?v=2ZBtPf7FOoM;543125309197778947
https://www.youtube.com/watch?v=kijpcUv-b8M;543125309197778947
https://www.youtube.com/watch?v=GmG4X9PGOXs;543125309197778947
https://www.youtube.com/watch?v=fJ9rUzIMcZQ;543125309197778947
https://www.youtube.com/watch?v=eFjjO_lhf9c;543125309197778947
https://www.youtube.com/watch?v=ZHwVBirqD2s;543125309197778947
https://www.youtube.com/watch?v=I_2D8Eo15wE;543125309197778947
https://www.youtube.com/watch?v=62v4y43D-3k;543125309197778947
https://www.youtube.com/watch?v=v_B3qkp4nO4;543125309197778947
https://www.youtube.com/watch?v=hBp4dgE7Bho;543125309197778947
https://www.youtube.com/watch?v=d-diB65scQU;543125309197778947
https://www.youtube.com/watch?v=dmcNbsLCpBQ;543125309197778947
https://www.youtube.com/watch?v=9jK-NcRmVcw;543125309197778947
https://www.youtube.com/watch?v=Rbm6GXllBiw;543125309197778947
https://www.youtube.com/watch?v=L_jWHffIx5E;543125309197778947
https://www.youtube.com/watch?v=_CL6n0FJZpk;543125309197778947
https://www.youtube.com/watch?v=BPUzsg5UsjM;543125309197778947
https://www.youtube.com/watch?v=yydNF8tuVmU;543125309197778947
https://www.youtube.com/watch?v=HNBCVM4KbUM;543125309197778947
https://www.youtube.com/watch?v=eFTLKWw542g;543125309197778947
https://www.youtube.com/watch?v=W8r-tXRLazs;543125309197778947
https://www.youtube.com/watch?v=Fpu5a0Bl8eY;543125309197778947
https://www.youtube.com/watch?v=Hi7Rx3En7-k;543125309197778947
https://www.youtube.com/watch?v=vkOJ9uNj9EY;543125309197778947
https://www.youtube.com/watch?v=CS9OO0S5w2k;543125309197778947
https://www.youtube.com/watch?v=1w7OgIMMRc4;543125309197778947
https://www.youtube.com/watch?v=SBgQezOF8kY;543125309197778947
https://www.youtube.com/watch?v=SDTZ7iX4vTQ;543125309197778947
https://www.youtube.com/watch?v=0mYBSayCsH0;543125309197778947
https://www.youtube.com/watch?v=aM_QAuGaJQk;543125309197778947
https://www.youtube.com/watch?v=9x5WY_jmsko;543125309197778947
