https://www.youtube.com/watch?v=W-TE_Ys4iwM;792437984653213727
https://www.youtube.com/watch?v=VqhCQZaH4Vs;522741254434455554
https://www.youtube.com/watch?v=DjydOI4MEIw;522741254434455554
https://www.youtube.com/watch?v=9MwGJWQ9nig;522741254434455554
https://www.youtube.com/watch?v=Y7YwcHbvysM;522741254434455554
https://www.youtube.com/watch?v=gTciUaOm3h4;522741254434455554
https://www.youtube.com/watch?v=nDFBb-mlfGo;522741254434455554
https://www.youtube.com/watch?v=Ww8oxgqDQSs;522741254434455554
https://www.youtube.com/watch?v=WZsLky71f94;522741254434455554
https://www.youtube.com/watch?v=JaoMgaBafFg;543125309197778947
https://www.youtube.com/watch?v=n89SKAymNfA;522741254434455554
https://www.youtube.com/watch?v=bpEmjxobvbY;522741254434455554
https://www.youtube.com/watch?v=DNZUKm0ApEM;522741254434455554
https://www.youtube.com/watch?v=o3FnMWNoj2c;522741254434455554
https://www.youtube.com/watch?v=gj0Rz-uP4Mk;522741254434455554
https://www.youtube.com/watch?v=q-9kPks0IfE;522741254434455554
https://www.youtube.com/watch?v=BN1WwnEDWAM;522741254434455554
https://www.youtube.com/watch?v=bijTi0_M35o;522741254434455554
https://www.youtube.com/watch?v=fJ9rUzIMcZQ;522741254434455554
https://www.youtube.com/watch?v=bmfudW7rbG0;522741254434455554
https://www.youtube.com/watch?v=qQkBeOisNM0;522741254434455554
https://www.youtube.com/watch?v=L_jWHffIx5E;522741254434455554
https://www.youtube.com/watch?v=yydNF8tuVmU;522741254434455554
https://www.youtube.com/watch?v=_epVgBDPBOg;792437984653213727
https://www.youtube.com/watch?v=Cx3QmqV2pHg;522741254434455554
https://www.youtube.com/watch?v=qkyfrRnvHZ0;522741254434455554
https://www.youtube.com/watch?v=WFsAon_TWPQ;721240463117385830
https://www.youtube.com/watch?v=FUH9S44D1BM;522741254434455554
https://www.youtube.com/watch?v=ZHwVBirqD2s;522741254434455554
https://www.youtube.com/watch?v=kK81m-A3qpU;522741254434455554
https://www.youtube.com/watch?v=OChc4YcajiQ;522741254434455554
https://www.youtube.com/watch?v=vPUal3TPtqo;522741254434455554
https://www.youtube.com/watch?v=e-J_DJ19C7k;522741254434455554
https://www.youtube.com/watch?v=EDb303T-B1w;522741254434455554
https://www.youtube.com/watch?v=KwIe_sjKeAY;543125309197778947
https://www.youtube.com/watch?v=fKq8u0q4rvQ;522741254434455554
https://www.youtube.com/watch?v=BPUzsg5UsjM;522741254434455554
https://www.youtube.com/watch?v=3KpFbty0t_8;522741254434455554
https://www.youtube.com/watch?v=-tJYN-eG1zk;543125309197778947
https://www.youtube.com/watch?v=d0bd3sQ1_XQ;522741254434455554
https://www.youtube.com/watch?v=KUmZp8pR1uc;522741254434455554
https://www.youtube.com/watch?v=wc5vncyWQnY;522741254434455554
https://www.youtube.com/watch?v=Ic7Ots9EWUY;522741254434455554
https://www.youtube.com/watch?v=lDK9QqIzhwk;543125309197778947
https://www.youtube.com/watch?v=dvgZkm1xWPE;522741254434455554
https://www.youtube.com/watch?v=XEjLoHdbVeE;543125309197778947
https://www.youtube.com/watch?v=NQMmZ4Psb7w&list=PLFbDEzLLmnWe5sr84uOu_jyLbfFIIMTHF&index=14;522741254434455554
https://www.youtube.com/watch?v=W8r-tXRLazs;543125309197778947
https://www.youtube.com/watch?v=T3E9Wjbq44E;792437984653213727
https://www.youtube.com/watch?v=h_m-BjrxmgI;522741254434455554
https://www.youtube.com/watch?v=SBgQezOF8kY;543125309197778947
https://www.youtube.com/watch?v=eJO5HU_7_1w;543125309197778947
https://www.youtube.com/watch?v=wuJIqmha2Hk;543125309197778947
https://www.youtube.com/watch?v=OdYGnAFaeHU;543125309197778947
https://www.youtube.com/watch?v=hBp4dgE7Bho;522741254434455554
https://www.youtube.com/watch?v=iHUnUHA5hek;522741254434455554
https://www.youtube.com/watch?v=HEkerSi5Fig;522741254434455554
https://www.youtube.com/watch?v=HG_ZC9N_4NM;522741254434455554
https://www.youtube.com/watch?v=B6eLbmLGUyc;721240463117385830
https://www.youtube.com/watch?v=K5KAc5CoCuk;522741254434455554
https://www.youtube.com/watch?v=QxWKRrsDank;522741254434455554
https://www.youtube.com/watch?v=-N4jf6rtyuw;522741254434455554
https://www.youtube.com/watch?v=v_B3qkp4nO4;543125309197778947
https://www.youtube.com/watch?v=1vrEljMfXYo;543125309197778947
https://www.youtube.com/watch?v=HgzGwKwLmgM;543125309197778947
https://www.youtube.com/watch?v=fGx6K90TmCI;522741254434455554
https://www.youtube.com/watch?v=VxFUs1pcWzU;522741254434455554
https://www.youtube.com/watch?v=u9Dg-g7t2l4;522741254434455554
https://www.youtube.com/watch?v=0mYBSayCsH0;522741254434455554
https://www.youtube.com/watch?v=33JWX_TPHlE;522741254434455554
https://www.youtube.com/watch?v=pAgnJDJN4VA;543125309197778947
https://www.youtube.com/watch?v=1x6n44EcJI8;522741254434455554
https://www.youtube.com/watch?v=SDTZ7iX4vTQ;543125309197778947
https://www.youtube.com/watch?v=iJdA4EBw_00;522741254434455554
https://www.youtube.com/watch?v=6W5pq4bIzIw;522741254434455554
https://www.youtube.com/watch?v=9_c2XZd9mMo;522741254434455554
https://www.youtube.com/watch?v=HQnC1UHBvWA;522741254434455554
https://www.youtube.com/watch?v=eFTLKWw542g;522741254434455554
https://www.youtube.com/watch?v=moFKVh6DNyI;522741254434455554
https://www.youtube.com/watch?v=djV11Xbc914;522741254434455554
https://www.youtube.com/watch?v=ZXIF2GX61Fo;721240463117385830
https://www.youtube.com/watch?v=v2AC41dglnM;543125309197778947
https://www.youtube.com/watch?v=hwZNL7QVJjE;522741254434455554
https://www.youtube.com/watch?v=LRP8d7hhpoQ;522741254434455554
https://www.youtube.com/watch?v=LfephiFN76E;522741254434455554
https://www.youtube.com/watch?v=IcrbM1l_BoI;792437984653213727
https://www.youtube.com/watch?v=AODD6vPbNFk;522741254434455554
https://www.youtube.com/watch?v=Mw66DyjQxBI;522741254434455554
https://www.youtube.com/watch?v=Oc9NgPgUO3E;522741254434455554
https://www.youtube.com/watch?v=1tLYYSofs3U;522741254434455554
https://www.youtube.com/watch?v=--5mDlhaD8c;522741254434455554
https://www.youtube.com/watch?v=ye5BuYf8q4o;543125309197778947
https://www.youtube.com/watch?v=dmcNbsLCpBQ;522741254434455554
https://www.youtube.com/watch?v=SJUhlRoBL8M;543125309197778947
https://www.youtube.com/watch?v=rY0WxgSXdEE;543125309197778947
https://www.youtube.com/watch?v=vdcddjV0l5o;522741254434455554
https://www.youtube.com/watch?v=Hy8kmNEo1i8;522741254434455554
https://www.youtube.com/watch?v=nO6YL09T8Fw;522741254434455554
https://www.youtube.com/watch?v=_CL6n0FJZpk;543125309197778947
https://www.youtube.com/watch?v=LKsgDcckur0;721240463117385830
https://www.youtube.com/watch?v=sEQf5lcnj_o;522741254434455554
https://www.youtube.com/watch?v=4NRXx6U8ABQ;522741254434455554
https://www.youtube.com/watch?v=Hi7Rx3En7-k;522741254434455554
https://www.youtube.com/watch?v=P5_yOKGUq4E;522741254434455554
https://www.youtube.com/watch?v=4lgqhMd3x8I;522741254434455554
https://www.youtube.com/watch?v=NZc__Hhi4L8;721240463117385830
https://www.youtube.com/watch?v=cOLg7Y1vLio;522741254434455554
https://www.youtube.com/watch?v=btPJPFnesV4;543125309197778947
https://www.youtube.com/watch?v=76fGo5I-rXM;522741254434455554
https://www.youtube.com/watch?v=tbNlMtqrYS0;522741254434455554
https://www.youtube.com/watch?v=SBQprWeOx8g;522741254434455554
https://www.youtube.com/watch?v=mk48xRzuNvA;792437984653213727
https://www.youtube.com/watch?v=fNFzfwLM72c;522741254434455554
https://www.youtube.com/watch?v=a2GujJZfXpg;522741254434455554
https://www.youtube.com/watch?v=KRaWnd3LJfs;721240463117385830
https://www.youtube.com/watch?v=pLJ85XExZtQ;543125309197778947
https://www.youtube.com/watch?v=m3YX8zlR4BU;522741254434455554
https://www.youtube.com/watch?v=BrGHjuoiNus;522741254434455554
https://www.youtube.com/watch?v=16y1AkoZkmQ;522741254434455554
https://www.youtube.com/watch?v=Td7uUVlB9bQ;522741254434455554
https://www.youtube.com/watch?v=XNGXq1hZ1jM;522741254434455554
https://www.youtube.com/watch?v=98glKX-msPA;522741254434455554
https://www.youtube.com/watch?v=0VJ1NuAbEBI;543125309197778947
https://www.youtube.com/watch?v=vvvvcpwFw5o;522741254434455554
https://www.youtube.com/watch?v=d-diB65scQU;543125309197778947
https://www.youtube.com/watch?v=VO8VbNJ2Gew;522741254434455554
https://www.youtube.com/watch?v=8UVNT4wvIGY;522741254434455554
https://www.youtube.com/watch?v=aT5JaB5agSE;522741254434455554
https://www.youtube.com/watch?v=9M1Sq59hWIs;522741254434455554
https://www.youtube.com/watch?v=6okxuiiHx2w;522741254434455554
https://www.youtube.com/watch?v=tvtf0aaXt2k;522741254434455554
https://www.youtube.com/watch?v=wQ5BFivMwxU;543125309197778947
https://www.youtube.com/watch?v=k8ozVkIkr-g;522741254434455554
https://www.youtube.com/watch?v=CEw-7cMnBDY;792437984653213727
https://www.youtube.com/watch?v=1w7OgIMMRc4;522741254434455554
https://www.youtube.com/watch?v=nInLN4p1tYQ;792437984653213727
https://www.youtube.com/watch?v=hT_nvWreIhg;792437984653213727
https://www.youtube.com/watch?v=0MPq9QGUBa4;522741254434455554
https://www.youtube.com/watch?v=7JJfJgyHYwU;792437984653213727
https://www.youtube.com/watch?v=yXFIqH-aSwE;522741254434455554
https://www.youtube.com/watch?v=0eyy3ZPPCnc;522741254434455554
https://www.youtube.com/watch?v=JRfuAukYTKg;792437984653213727
https://www.youtube.com/watch?v=AHFYcJPKE9M;522741254434455554
https://www.youtube.com/watch?v=2s4slliAtQU;543125309197778947
https://www.youtube.com/watch?v=rpR2SLm8Q6k;543125309197778947
https://www.youtube.com/watch?v=rh-xfHTJp6M;522741254434455554
https://youtube.com/watch?v=UnIhRpIT7nc;522741254434455554
https://www.youtube.com/watch?v=oKrexpXBkH4;522741254434455554
https://www.youtube.com/watch?v=UWCwnnO0SuI;522741254434455554
https://www.youtube.com/watch?v=cw_ZDGd3wr4;522741254434455554
https://www.youtube.com/watch?v=tqiuE9g3Uss;721240463117385830
https://www.youtube.com/watch?v=Fpu5a0Bl8eY;543125309197778947
https://www.youtube.com/watch?v=_wp-h5dfSzU;522741254434455554
https://www.youtube.com/watch?v=qYEooPeyz5M;522741254434455554
https://www.youtube.com/watch?v=9jK-NcRmVcw;543125309197778947
https://www.youtube.com/watch?v=fVKzzp2xieM;522741254434455554
https://www.youtube.com/watch?v=CS9OO0S5w2k;543125309197778947
https://www.youtube.com/watch?v=WkQE64jInOw;522741254434455554
https://www.youtube.com/watch?v=NM-VWHP-cWk;792437984653213727
https://www.youtube.com/watch?v=Ic5vxw3eijY;522741254434455554
https://www.youtube.com/watch?v=pIgZ7gMze7A;522741254434455554
https://www.youtube.com/watch?v=MtLHwqbE1eI;522741254434455554
https://www.youtube.com/watch?v=co_bN5j1jI8;721240463117385830
https://www.youtube.com/watch?v=GgwUenaQqlM;522741254434455554
https://www.youtube.com/watch?v=1qksd1FYZe8;721240463117385830
https://youtube.com/watch?v=CID-sYQNCew;522741254434455554
https://www.youtube.com/watch?v=fPO76Jlnz6c;522741254434455554
https://www.youtube.com/watch?v=6NXnxTNIWkc;522741254434455554
https://www.youtube.com/watch?v=Jwgf3wmiA04;792437984653213727
https://www.youtube.com/watch?v=K1b8AhIsSYQ;522741254434455554
https://www.youtube.com/watch?v=WAoPeG1LU1g;522741254434455554
https://www.youtube.com/watch?v=qeMFqkcPYcg;522741254434455554
https://www.youtube.com/watch?v=_VONMkKkdf4;522741254434455554
