https://www.youtube.com/watch?v=XEjLoHdbVeE;543125309197778947
https://www.youtube.com/watch?v=yydNF8tuVmU;543125309197778947
https://www.youtube.com/watch?v=1w7OgIMMRc4;543125309197778947
https://www.youtube.com/watch?v=CS9OO0S5w2k;543125309197778947
https://www.youtube.com/watch?v=SDTZ7iX4vTQ;543125309197778947
https://www.youtube.com/watch?v=2s4slliAtQU;543125309197778947
https://www.youtube.com/watch?v=d-diB65scQU;543125309197778947
https://www.youtube.com/watch?v=HNBCVM4KbUM;543125309197778947
https://www.youtube.com/watch?v=6W5pq4bIzIw;543125309197778947
https://www.youtube.com/watch?v=fNFzfwLM72c;543125309197778947
https://www.youtube.com/watch?v=eFjjO_lhf9c;543125309197778947
